11599,Richard,Hernandez,XXXXXXXXX,XXXXXXXXX,6303 Heather Plaza,Brownsville,TX,78521
256,Mary,Barrett,XXXXXXXXX,XXXXXXXXX,9526 Noble Embers Ridge,Littleton,CO,80126
12111,Ann,Smith,XXXXXXXXX,XXXXXXXXX,3422 Blue Pioneer Bend,Caguas,PR,00725
8827,Mary,Jones,XXXXXXXXX,XXXXXXXXX,8324 Little Common,San Marcos,CA,92069
11318,Robert,Hudson,XXXXXXXXX,XXXXXXXXX,"10 Crystal River Mall ",Caguas,PR,00725
7130,Mary,Smith,XXXXXXXXX,XXXXXXXXX,3151 Sleepy Quail Promenade,Passaic,NJ,07055
4530,Melissa,Wilcox,XXXXXXXXX,XXXXXXXXX,9453 High Concession,Caguas,PR,00725
2911,Megan,Smith,XXXXXXXXX,XXXXXXXXX,3047 Foggy Forest Plaza,Lawrence,MA,01841
5657,Mary,Perez,XXXXXXXXX,XXXXXXXXX,3616 Quaking Street,Caguas,PR,00725
5648,Melissa,Smith,XXXXXXXXX,XXXXXXXXX,8598 Harvest Beacon Plaza,Stafford,VA,22554
11,Mary,Huffman,XXXXXXXXX,XXXXXXXXX,3169 Stony Woods,Caguas,PR,00725
12,Christopher,Smith,XXXXXXXXX,XXXXXXXXX,5594 Jagged Embers By-pass,San Antonio,TX,78227
13,Mary,Baldwin,XXXXXXXXX,XXXXXXXXX,7922 Iron Oak Gardens,Caguas,PR,00725
14,Katherine,Smith,XXXXXXXXX,XXXXXXXXX,5666 Hazy Pony Square,Pico Rivera,CA,90660
15,Jane,Luna,XXXXXXXXX,XXXXXXXXX,673 Burning Glen,Fontana,CA,92336
16,Tiffany,Smith,XXXXXXXXX,XXXXXXXXX,6651 Iron Port,Caguas,PR,00725
17,Mary,Robinson,XXXXXXXXX,XXXXXXXXX,1325 Noble Pike,Taylor,MI,48180
18,Robert,Smith,XXXXXXXXX,XXXXXXXXX,2734 Hazy Butterfly Circle,Martinez,CA,94553
19,Stephanie,Mitchell,XXXXXXXXX,XXXXXXXXX,3543 Red Treasure Bay,Caguas,PR,00725
20,Mary,Ellis,XXXXXXXXX,XXXXXXXXX,4703 Old Route,West New York,NJ,07093
